,Attribute,Correlation
0,Text Length,-0.19896066841920462
1,Useful,-0.16831181968538877
2,Review Count,-0.18206974557299566
3,Dogs Allowed,-0.1366078716219924
4,Funny,-0.082022377641041
5,Open To All,-0.08646870861392993
6,Accepts Credit Cards,-0.028500727696368182
7,Cool,0.03138144849898726
8,Bike Parking,0.25265321091004045
9,Good For Kids,0.29649285938092024
10,Avg Stars,0.3918861040173334
